{
	"name": "rangeslider_uimodule",
	"version": "0.0.1",
	"buildTimestamp": "202011051924",
	"scmRevision": "",
	"libraries": [
		{
			"name": "sap.m",
			"version": "1.77.0",
			"buildTimestamp": "202011051924",
			"scmRevision": ""
		},
		{
			"name": "sap.ui.core",
			"version": "1.77.0",
			"buildTimestamp": "202011051924",
			"scmRevision": ""
		},
		{
			"name": "sap.ui.layout",
			"version": "1.77.0",
			"buildTimestamp": "202011051924",
			"scmRevision": ""
		},
		{
			"name": "sap.ui.unified",
			"version": "1.77.0",
			"buildTimestamp": "202011051924",
			"scmRevision": ""
		}
	]
}